<contactlist>
  <contact>
    <firstname>Jessica</firstname>
    <lastname>Miller</lastname>
    <age>29</age>
    <gender>Female</gender>
    <universityyear>Ph.D</universityyear>
    <phone>555-5655</phone>
  </contact>
  <contact>
    <firstname>John</firstname>
    <lastname>Doe</lastname>
    <age>25</age>
    <gender>Male</gender>
    <universityyear>4</universityyear>
    <phone>555-5555</phone>
  </contact>
  <contact>
    <firstname>Jane</firstname>
    <lastname>Done</lastname>
    <age>21</age>
    <gender>Female</gender>
    <universityyear>3</universityyear>
    <phone>555-5555</phone>
  </contact>
  <contact>
    <firstname>Sally</firstname>
    <lastname>Miller</lastname>
    <age>46</age>
    <gender>Female</gender>
    <universityyear>3</universityyear>
    <phone>444-4040</phone>
  </contact>
  <contact>
    <firstname>Sylia</firstname>
    <lastname>Plath</lastname>
    <age>78</age>
    <gender>Female</gender>
    <universityyear>2</universityyear>
    <phone>456-6666</phone>
  </contact>
  <contact>
    <firstname>Stephan</firstname>
    <lastname>Deer</lastname>
    <age>33</age>
    <gender>Male</gender>
    <universityyear>Ph.D</universityyear>
    <phone>555-5559</phone>
  </contact>
  <contact>
    <firstname>Mike</firstname>
    <lastname>Smith</lastname>
    <age>29</age>
    <gender>Male</gender>
    <universityyear>2</universityyear>
    <phone>444-4994</phone>
  </contact>
  <contact>
    <firstname>Sophie</firstname>
    <lastname>Done</lastname>
    <age>9</age>
    <gender>Female</gender>
    <universityyear>1</universityyear>
    <phone>595-5555</phone>
  </contact>
  <contact>
    <firstname>Missy</firstname>
    <lastname>Mss</lastname>
    <age>89</age>
    <gender>Female</gender>
    <universityyear>Ph.D</universityyear>
    <phone>222-2221</phone>
  </contact>
  <contact>
    <firstname>Matthew</firstname>
    <lastname>Lount</lastname>
    <age>39</age>
    <gender>Male</gender>
    <universityyear>1</universityyear>
    <phone>444-6555</phone>
  </contact>
  <contact>
    <firstname>Ben</firstname>
    <lastname>Yellow</lastname>
    <age>15</age>
    <gender>Male</gender>
    <universityyear>1</universityyear>
    <phone>444-6666</phone>
  </contact>
  <contact>
    <firstname>Emily</firstname>
    <lastname>Hu</lastname>
    <age>23</age>
    <gender>Female</gender>
    <universityyear>2</universityyear>
    <phone>559-5555</phone>
  </contact>
  <contact>
    <firstname>Ellis</firstname>
    <lastname>Glad</lastname>
    <age>28</age>
    <gender>Female</gender>
    <universityyear>Master's</universityyear>
    <phone>555-8888</phone>
  </contact>
  <contact>
    <firstname>Zara</firstname>
    <lastname>Mac</lastname>
    <age>19</age>
    <gender>Female</gender>
    <universityyear>1</universityyear>
    <phone>655-8888</phone>
  </contact>
</contactlist>